DATETIME,Model,CV val scores,Mean CV val scores,CV train scores,Mean CV train scores,Parameters,Features importance
29-01-2018_19-12-59,lightgb,"[0.13990988838589766, 0.13977104104909421, 0.14961321091079341, 0.13892216288758444, 0.14477153402033041]",0.142597567451,"[0.054037548405272431, 0.048964846080817498, 0.053013212299553823, 0.051651578987662997, 0.050784159756033648]",0.0516902691059,"{'device': 'cpu', 'num_leaves': 130, 'lambda_l2': 1.9, 'feature_fraction': 0.486, 'boosting': 'gbdt', 'feature_fraction_seed': 2017, 'early_stopping_rounds': 50, 'num_boost_round': 5000, 'metric': 'binary_logloss', 'verbose': 1, 'min_data_in_leaf': 15, 'colsample_bytree': 1, 'objective': 'binary', 'learning_rate': 0.01, 'subsample': 1, 'max_depth': 25, 'bagging_fraction_seed': 2017}","{'column': {0: 'len_q1', 1: 'len_q2', 2: 'diff_len', 3: 'len_char_q1', 4: 'len_char_q2', 5: 'len_word_q1', 6: 'len_word_q2', 7: 'common_words', 8: 'fuzz_qratio', 9: 'fuzz_WRatio', 10: 'fuzz_partial_ratio', 11: 'fuzz_partial_token_set_ratio', 12: 'fuzz_partial_token_sort_ratio', 13: 'fuzz_token_set_ratio', 14: 'fuzz_token_sort_ratio', 15: 'wmd', 16: 'norm_wmd', 17: 'cosine_distance', 18: 'cityblock_distance', 19: 'jaccard_distance', 20: 'canberra_distance', 21: 'euclidean_distance', 22: 'minkowski_distance', 23: 'braycurtis_distance', 24: 'skew_q1vec', 25: 'skew_q2vec', 26: 'kur_q1vec', 27: 'kur_q2vec', 28: 'q1_pr', 29: 'q2_pr', 30: 'q1_hash', 31: 'q2_hash', 32: 'q1_freq', 33: 'q2_freq', 34: 'q1_q2_intersect', 35: 'core1', 36: 'core2', 37: 'core3', 38: 'q1_kcores', 39: 'q2_kcores', 40: 'q1_q2_kcores_ratio', 41: 'q1_q2_kcores_diff', 42: 'q1_q2_kcores_diff_normed', 43: 'word_match', 44: 'tfidf_wm', 45: 'tfidf_wm_stops', 46: 'jaccard', 47: 'wc_diff', 48: 'wc_ratio', 49: 'wc_diff_unique', 50: 'wc_ratio_unique', 51: 'wc_diff_unq_stop', 52: 'wc_ratio_unique_stop', 53: 'same_start', 54: 'char_diff', 55: 'char_diff_unq_stop', 56: 'total_unique_words', 57: 'total_unq_words_stop', 58: 'char_ratio', 59: 'q1_neigh', 60: 'q2_neigh', 61: 'common_neigh', 62: 'distinct_neigh', 63: 'clique_size', 64: 'shortest_path', 65: 'bigram_coocurence', 66: 'bigram_distinct', 67: 'bigram_nostpwrd_coocurence', 68: 'bigram_nostpwrd_distinct', 69: '3gram_cooccurence', 70: '3gram_distinct', 71: '3gram_nostpwrd_cooccurence', 72: '3gram_nostpwrd_distinct', 73: 'spacy_similarity', 74: 'q1_how', 75: 'q2_how', 76: 'how_both', 77: 'q1_what', 78: 'q2_what', 79: 'what_both', 80: 'q1_which', 81: 'q2_which', 82: 'which_both', 83: 'q1_who', 84: 'q2_who', 85: 'who_both', 86: 'q1_where', 87: 'q2_where', 88: 'where_both', 89: 'q1_when', 90: 'q2_when', 91: 'when_both', 92: 'q1_why', 93: 'q2_why', 94: 'why_both', 95: 'caps_count_q1', 96: 'caps_count_q2', 97: 'diff_caps', 98: 'exactly_same'}, 'importance': {0: 4275, 1: 3989, 2: 2198, 3: 2620, 4: 2671, 5: 1429, 6: 1148, 7: 1305, 8: 3695, 9: 2121, 10: 4179, 11: 0, 12: 3651, 13: 3372, 14: 4365, 15: 4992, 16: 2441, 17: 2852, 18: 3394, 19: 229, 20: 4299, 21: 2198, 22: 3086, 23: 4020, 24: 4656, 25: 4422, 26: 4960, 27: 4898, 28: 6869, 29: 6837, 30: 5836, 31: 5555, 32: 1334, 33: 1736, 34: 963, 35: 493, 36: 637, 37: 911, 38: 1111, 39: 1731, 40: 1899, 41: 1162, 42: 1434, 43: 4010, 44: 5850, 45: 6004, 46: 3860, 47: 1144, 48: 2354, 49: 925, 50: 2393, 51: 934, 52: 1925, 53: 402, 54: 2320, 55: 2608, 56: 1319, 57: 1716, 58: 3680, 59: 680, 60: 619, 61: 1389, 62: 2692, 63: 1532, 64: 937, 65: 2270, 66: 3122, 67: 1504, 68: 3453, 69: 2242, 70: 2832, 71: 2065, 72: 2096, 73: 5792, 74: 378, 75: 413, 76: 254, 77: 412, 78: 428, 79: 269, 80: 130, 81: 174, 82: 67, 83: 43, 84: 42, 85: 85, 86: 130, 87: 55, 88: 27, 89: 61, 90: 151, 91: 9, 92: 288, 93: 265, 94: 400, 95: 0, 96: 0, 97: 0, 98: 0}}"
29-01-2018_19-20-29,lightgb,"[0.13994754589805827, 0.13963196922708701, 0.14950480607188099, 0.13851972465203977, 0.14471508614881184]",0.1424638264,"[0.050170740417272812, 0.04979365594408372, 0.050473973869180108, 0.049155226920166696, 0.055931804789934404]",0.0511050803881,"{'device': 'cpu', 'num_leaves': 130, 'lambda_l2': 2, 'feature_fraction': 0.486, 'boosting': 'gbdt', 'feature_fraction_seed': 2017, 'early_stopping_rounds': 50, 'num_boost_round': 5000, 'metric': 'binary_logloss', 'verbose': 1, 'min_data_in_leaf': 15, 'colsample_bytree': 1, 'objective': 'binary', 'learning_rate': 0.01, 'subsample': 1, 'max_depth': 25, 'bagging_fraction_seed': 2017}","{'column': {0: 'len_q1', 1: 'len_q2', 2: 'diff_len', 3: 'len_char_q1', 4: 'len_char_q2', 5: 'len_word_q1', 6: 'len_word_q2', 7: 'common_words', 8: 'fuzz_qratio', 9: 'fuzz_WRatio', 10: 'fuzz_partial_ratio', 11: 'fuzz_partial_token_set_ratio', 12: 'fuzz_partial_token_sort_ratio', 13: 'fuzz_token_set_ratio', 14: 'fuzz_token_sort_ratio', 15: 'wmd', 16: 'norm_wmd', 17: 'cosine_distance', 18: 'cityblock_distance', 19: 'jaccard_distance', 20: 'canberra_distance', 21: 'euclidean_distance', 22: 'minkowski_distance', 23: 'braycurtis_distance', 24: 'skew_q1vec', 25: 'skew_q2vec', 26: 'kur_q1vec', 27: 'kur_q2vec', 28: 'q1_pr', 29: 'q2_pr', 30: 'q1_hash', 31: 'q2_hash', 32: 'q1_freq', 33: 'q2_freq', 34: 'q1_q2_intersect', 35: 'core1', 36: 'core2', 37: 'core3', 38: 'q1_kcores', 39: 'q2_kcores', 40: 'q1_q2_kcores_ratio', 41: 'q1_q2_kcores_diff', 42: 'q1_q2_kcores_diff_normed', 43: 'word_match', 44: 'tfidf_wm', 45: 'tfidf_wm_stops', 46: 'jaccard', 47: 'wc_diff', 48: 'wc_ratio', 49: 'wc_diff_unique', 50: 'wc_ratio_unique', 51: 'wc_diff_unq_stop', 52: 'wc_ratio_unique_stop', 53: 'same_start', 54: 'char_diff', 55: 'char_diff_unq_stop', 56: 'total_unique_words', 57: 'total_unq_words_stop', 58: 'char_ratio', 59: 'q1_neigh', 60: 'q2_neigh', 61: 'common_neigh', 62: 'distinct_neigh', 63: 'clique_size', 64: 'shortest_path', 65: 'bigram_coocurence', 66: 'bigram_distinct', 67: 'bigram_nostpwrd_coocurence', 68: 'bigram_nostpwrd_distinct', 69: '3gram_cooccurence', 70: '3gram_distinct', 71: '3gram_nostpwrd_cooccurence', 72: '3gram_nostpwrd_distinct', 73: 'spacy_similarity', 74: 'q1_how', 75: 'q2_how', 76: 'how_both', 77: 'q1_what', 78: 'q2_what', 79: 'what_both', 80: 'q1_which', 81: 'q2_which', 82: 'which_both', 83: 'q1_who', 84: 'q2_who', 85: 'who_both', 86: 'q1_where', 87: 'q2_where', 88: 'where_both', 89: 'q1_when', 90: 'q2_when', 91: 'when_both', 92: 'q1_why', 93: 'q2_why', 94: 'why_both', 95: 'caps_count_q1', 96: 'caps_count_q2', 97: 'diff_caps', 98: 'exactly_same'}, 'importance': {0: 3714, 1: 3619, 2: 1977, 3: 2252, 4: 2232, 5: 1278, 6: 967, 7: 1221, 8: 3185, 9: 1821, 10: 3721, 11: 0, 12: 3188, 13: 2985, 14: 3914, 15: 4540, 16: 2227, 17: 2531, 18: 2999, 19: 230, 20: 3874, 21: 1919, 22: 2690, 23: 3670, 24: 4016, 25: 3845, 26: 4423, 27: 4232, 28: 6244, 29: 6317, 30: 5097, 31: 4751, 32: 1168, 33: 1643, 34: 903, 35: 487, 36: 604, 37: 823, 38: 1030, 39: 1598, 40: 1735, 41: 1129, 42: 1410, 43: 3799, 44: 5298, 45: 5311, 46: 3435, 47: 1005, 48: 2120, 49: 849, 50: 2150, 51: 795, 52: 1732, 53: 374, 54: 2040, 55: 2262, 56: 1186, 57: 1482, 58: 3251, 59: 669, 60: 565, 61: 1271, 62: 2348, 63: 1470, 64: 866, 65: 2088, 66: 2620, 67: 1379, 68: 3082, 69: 1983, 70: 2445, 71: 1887, 72: 1910, 73: 5102, 74: 321, 75: 391, 76: 215, 77: 369, 78: 399, 79: 232, 80: 106, 81: 171, 82: 60, 83: 37, 84: 41, 85: 78, 86: 125, 87: 39, 88: 37, 89: 43, 90: 142, 91: 10, 92: 240, 93: 239, 94: 386, 95: 0, 96: 0, 97: 0, 98: 0}}"
29-01-2018_19-27-41,lightgb,"[0.13991103233440402, 0.13963816304317933, 0.14935415954616876, 0.13870808399694917, 0.14462806789687355]",0.142447901364,"[0.051220893448700837, 0.054123981919208697, 0.05091598434820898, 0.0510938380392068, 0.059199440278824081]",0.0533108276068,"{'device': 'cpu', 'num_leaves': 130, 'lambda_l2': 2.1, 'feature_fraction': 0.486, 'boosting': 'gbdt', 'feature_fraction_seed': 2017, 'early_stopping_rounds': 50, 'num_boost_round': 5000, 'metric': 'binary_logloss', 'verbose': 1, 'min_data_in_leaf': 15, 'colsample_bytree': 1, 'objective': 'binary', 'learning_rate': 0.01, 'subsample': 1, 'max_depth': 25, 'bagging_fraction_seed': 2017}","{'column': {0: 'len_q1', 1: 'len_q2', 2: 'diff_len', 3: 'len_char_q1', 4: 'len_char_q2', 5: 'len_word_q1', 6: 'len_word_q2', 7: 'common_words', 8: 'fuzz_qratio', 9: 'fuzz_WRatio', 10: 'fuzz_partial_ratio', 11: 'fuzz_partial_token_set_ratio', 12: 'fuzz_partial_token_sort_ratio', 13: 'fuzz_token_set_ratio', 14: 'fuzz_token_sort_ratio', 15: 'wmd', 16: 'norm_wmd', 17: 'cosine_distance', 18: 'cityblock_distance', 19: 'jaccard_distance', 20: 'canberra_distance', 21: 'euclidean_distance', 22: 'minkowski_distance', 23: 'braycurtis_distance', 24: 'skew_q1vec', 25: 'skew_q2vec', 26: 'kur_q1vec', 27: 'kur_q2vec', 28: 'q1_pr', 29: 'q2_pr', 30: 'q1_hash', 31: 'q2_hash', 32: 'q1_freq', 33: 'q2_freq', 34: 'q1_q2_intersect', 35: 'core1', 36: 'core2', 37: 'core3', 38: 'q1_kcores', 39: 'q2_kcores', 40: 'q1_q2_kcores_ratio', 41: 'q1_q2_kcores_diff', 42: 'q1_q2_kcores_diff_normed', 43: 'word_match', 44: 'tfidf_wm', 45: 'tfidf_wm_stops', 46: 'jaccard', 47: 'wc_diff', 48: 'wc_ratio', 49: 'wc_diff_unique', 50: 'wc_ratio_unique', 51: 'wc_diff_unq_stop', 52: 'wc_ratio_unique_stop', 53: 'same_start', 54: 'char_diff', 55: 'char_diff_unq_stop', 56: 'total_unique_words', 57: 'total_unq_words_stop', 58: 'char_ratio', 59: 'q1_neigh', 60: 'q2_neigh', 61: 'common_neigh', 62: 'distinct_neigh', 63: 'clique_size', 64: 'shortest_path', 65: 'bigram_coocurence', 66: 'bigram_distinct', 67: 'bigram_nostpwrd_coocurence', 68: 'bigram_nostpwrd_distinct', 69: '3gram_cooccurence', 70: '3gram_distinct', 71: '3gram_nostpwrd_cooccurence', 72: '3gram_nostpwrd_distinct', 73: 'spacy_similarity', 74: 'q1_how', 75: 'q2_how', 76: 'how_both', 77: 'q1_what', 78: 'q2_what', 79: 'what_both', 80: 'q1_which', 81: 'q2_which', 82: 'which_both', 83: 'q1_who', 84: 'q2_who', 85: 'who_both', 86: 'q1_where', 87: 'q2_where', 88: 'where_both', 89: 'q1_when', 90: 'q2_when', 91: 'when_both', 92: 'q1_why', 93: 'q2_why', 94: 'why_both', 95: 'caps_count_q1', 96: 'caps_count_q2', 97: 'diff_caps', 98: 'exactly_same'}, 'importance': {0: 3404, 1: 3276, 2: 1763, 3: 2113, 4: 2075, 5: 1166, 6: 922, 7: 1180, 8: 3009, 9: 1674, 10: 3543, 11: 0, 12: 2912, 13: 2792, 14: 3591, 15: 4268, 16: 2020, 17: 2338, 18: 2818, 19: 205, 20: 3582, 21: 1765, 22: 2622, 23: 3324, 24: 3724, 25: 3529, 26: 4041, 27: 3983, 28: 5870, 29: 5866, 30: 4545, 31: 4406, 32: 1107, 33: 1460, 34: 863, 35: 468, 36: 563, 37: 799, 38: 996, 39: 1492, 40: 1695, 41: 1008, 42: 1292, 43: 3490, 44: 4993, 45: 4927, 46: 3170, 47: 961, 48: 1932, 49: 791, 50: 1914, 51: 730, 52: 1565, 53: 328, 54: 1798, 55: 2107, 56: 1095, 57: 1385, 58: 3006, 59: 588, 60: 510, 61: 1182, 62: 2253, 63: 1369, 64: 831, 65: 2032, 66: 2475, 67: 1310, 68: 2777, 69: 1860, 70: 2282, 71: 1706, 72: 1700, 73: 4561, 74: 295, 75: 341, 76: 206, 77: 358, 78: 391, 79: 230, 80: 97, 81: 157, 82: 53, 83: 35, 84: 23, 85: 65, 86: 118, 87: 34, 88: 28, 89: 47, 90: 137, 91: 8, 92: 213, 93: 221, 94: 365, 95: 0, 96: 0, 97: 0, 98: 0}}"
29-01-2018_19-42-24,lightgb,"[0.13960264334627545, 0.13959821546401605, 0.14937950240915407, 0.13857922758804583, 0.14424478099991014]",0.142280873961,"[0.049554188235462822, 0.053470857195617678, 0.049954125742371361, 0.051027700466142085, 0.054294573348175036]",0.0516602889976,"{'device': 'cpu', 'num_leaves': 130, 'lambda_l2': 1.9, 'feature_fraction': 0.486, 'boosting': 'gbdt', 'feature_fraction_seed': 2017, 'early_stopping_rounds': 50, 'num_boost_round': 5000, 'metric': 'binary_logloss', 'verbose': 1, 'min_data_in_leaf': 15, 'colsample_bytree': 1, 'objective': 'binary', 'learning_rate': 0.005, 'subsample': 1, 'max_depth': 25, 'bagging_fraction_seed': 2017}","{'column': {0: 'len_q1', 1: 'len_q2', 2: 'diff_len', 3: 'len_char_q1', 4: 'len_char_q2', 5: 'len_word_q1', 6: 'len_word_q2', 7: 'common_words', 8: 'fuzz_qratio', 9: 'fuzz_WRatio', 10: 'fuzz_partial_ratio', 11: 'fuzz_partial_token_set_ratio', 12: 'fuzz_partial_token_sort_ratio', 13: 'fuzz_token_set_ratio', 14: 'fuzz_token_sort_ratio', 15: 'wmd', 16: 'norm_wmd', 17: 'cosine_distance', 18: 'cityblock_distance', 19: 'jaccard_distance', 20: 'canberra_distance', 21: 'euclidean_distance', 22: 'minkowski_distance', 23: 'braycurtis_distance', 24: 'skew_q1vec', 25: 'skew_q2vec', 26: 'kur_q1vec', 27: 'kur_q2vec', 28: 'q1_pr', 29: 'q2_pr', 30: 'q1_hash', 31: 'q2_hash', 32: 'q1_freq', 33: 'q2_freq', 34: 'q1_q2_intersect', 35: 'core1', 36: 'core2', 37: 'core3', 38: 'q1_kcores', 39: 'q2_kcores', 40: 'q1_q2_kcores_ratio', 41: 'q1_q2_kcores_diff', 42: 'q1_q2_kcores_diff_normed', 43: 'word_match', 44: 'tfidf_wm', 45: 'tfidf_wm_stops', 46: 'jaccard', 47: 'wc_diff', 48: 'wc_ratio', 49: 'wc_diff_unique', 50: 'wc_ratio_unique', 51: 'wc_diff_unq_stop', 52: 'wc_ratio_unique_stop', 53: 'same_start', 54: 'char_diff', 55: 'char_diff_unq_stop', 56: 'total_unique_words', 57: 'total_unq_words_stop', 58: 'char_ratio', 59: 'q1_neigh', 60: 'q2_neigh', 61: 'common_neigh', 62: 'distinct_neigh', 63: 'clique_size', 64: 'shortest_path', 65: 'bigram_coocurence', 66: 'bigram_distinct', 67: 'bigram_nostpwrd_coocurence', 68: 'bigram_nostpwrd_distinct', 69: '3gram_cooccurence', 70: '3gram_distinct', 71: '3gram_nostpwrd_cooccurence', 72: '3gram_nostpwrd_distinct', 73: 'spacy_similarity', 74: 'q1_how', 75: 'q2_how', 76: 'how_both', 77: 'q1_what', 78: 'q2_what', 79: 'what_both', 80: 'q1_which', 81: 'q2_which', 82: 'which_both', 83: 'q1_who', 84: 'q2_who', 85: 'who_both', 86: 'q1_where', 87: 'q2_where', 88: 'where_both', 89: 'q1_when', 90: 'q2_when', 91: 'when_both', 92: 'q1_why', 93: 'q2_why', 94: 'why_both', 95: 'caps_count_q1', 96: 'caps_count_q2', 97: 'diff_caps', 98: 'exactly_same'}, 'importance': {0: 7932, 1: 7339, 2: 4276, 3: 4865, 4: 4709, 5: 2685, 6: 2259, 7: 2545, 8: 6822, 9: 3860, 10: 7945, 11: 0, 12: 6857, 13: 6524, 14: 8262, 15: 9797, 16: 4792, 17: 5549, 18: 6052, 19: 423, 20: 7887, 21: 3823, 22: 6035, 23: 7504, 24: 8723, 25: 8292, 26: 9210, 27: 9140, 28: 13182, 29: 13243, 30: 10698, 31: 9892, 32: 2571, 33: 3255, 34: 1884, 35: 981, 36: 1301, 37: 1761, 38: 2202, 39: 3238, 40: 3520, 41: 2216, 42: 2780, 43: 7775, 44: 11365, 45: 11088, 46: 7197, 47: 2206, 48: 4492, 49: 1722, 50: 4426, 51: 1779, 52: 3783, 53: 819, 54: 4477, 55: 4929, 56: 2469, 57: 3153, 58: 6738, 59: 1327, 60: 1230, 61: 2702, 62: 4927, 63: 2971, 64: 1761, 65: 4152, 66: 5915, 67: 2879, 68: 6392, 69: 4335, 70: 5399, 71: 3905, 72: 3878, 73: 10480, 74: 722, 75: 830, 76: 468, 77: 746, 78: 864, 79: 502, 80: 244, 81: 363, 82: 145, 83: 81, 84: 87, 85: 149, 86: 251, 87: 88, 88: 54, 89: 106, 90: 286, 91: 18, 92: 538, 93: 509, 94: 770, 95: 0, 96: 0, 97: 0, 98: 0}}"
29-01-2018_19-56-33,lightgb,"[0.13959946146492061, 0.139480806895284, 0.14966924163126313, 0.13852223722437848, 0.14431959135672554]",0.142318267715,"[0.050196565002223123, 0.05312608539600857, 0.058103089504258708, 0.051115258360622653, 0.05649142615930635]",0.0538064848845,"{'device': 'cpu', 'num_leaves': 130, 'lambda_l2': 2, 'feature_fraction': 0.486, 'boosting': 'gbdt', 'feature_fraction_seed': 2017, 'early_stopping_rounds': 50, 'num_boost_round': 5000, 'metric': 'binary_logloss', 'verbose': 1, 'min_data_in_leaf': 15, 'colsample_bytree': 1, 'objective': 'binary', 'learning_rate': 0.005, 'subsample': 1, 'max_depth': 25, 'bagging_fraction_seed': 2017}","{'column': {0: 'len_q1', 1: 'len_q2', 2: 'diff_len', 3: 'len_char_q1', 4: 'len_char_q2', 5: 'len_word_q1', 6: 'len_word_q2', 7: 'common_words', 8: 'fuzz_qratio', 9: 'fuzz_WRatio', 10: 'fuzz_partial_ratio', 11: 'fuzz_partial_token_set_ratio', 12: 'fuzz_partial_token_sort_ratio', 13: 'fuzz_token_set_ratio', 14: 'fuzz_token_sort_ratio', 15: 'wmd', 16: 'norm_wmd', 17: 'cosine_distance', 18: 'cityblock_distance', 19: 'jaccard_distance', 20: 'canberra_distance', 21: 'euclidean_distance', 22: 'minkowski_distance', 23: 'braycurtis_distance', 24: 'skew_q1vec', 25: 'skew_q2vec', 26: 'kur_q1vec', 27: 'kur_q2vec', 28: 'q1_pr', 29: 'q2_pr', 30: 'q1_hash', 31: 'q2_hash', 32: 'q1_freq', 33: 'q2_freq', 34: 'q1_q2_intersect', 35: 'core1', 36: 'core2', 37: 'core3', 38: 'q1_kcores', 39: 'q2_kcores', 40: 'q1_q2_kcores_ratio', 41: 'q1_q2_kcores_diff', 42: 'q1_q2_kcores_diff_normed', 43: 'word_match', 44: 'tfidf_wm', 45: 'tfidf_wm_stops', 46: 'jaccard', 47: 'wc_diff', 48: 'wc_ratio', 49: 'wc_diff_unique', 50: 'wc_ratio_unique', 51: 'wc_diff_unq_stop', 52: 'wc_ratio_unique_stop', 53: 'same_start', 54: 'char_diff', 55: 'char_diff_unq_stop', 56: 'total_unique_words', 57: 'total_unq_words_stop', 58: 'char_ratio', 59: 'q1_neigh', 60: 'q2_neigh', 61: 'common_neigh', 62: 'distinct_neigh', 63: 'clique_size', 64: 'shortest_path', 65: 'bigram_coocurence', 66: 'bigram_distinct', 67: 'bigram_nostpwrd_coocurence', 68: 'bigram_nostpwrd_distinct', 69: '3gram_cooccurence', 70: '3gram_distinct', 71: '3gram_nostpwrd_cooccurence', 72: '3gram_nostpwrd_distinct', 73: 'spacy_similarity', 74: 'q1_how', 75: 'q2_how', 76: 'how_both', 77: 'q1_what', 78: 'q2_what', 79: 'what_both', 80: 'q1_which', 81: 'q2_which', 82: 'which_both', 83: 'q1_who', 84: 'q2_who', 85: 'who_both', 86: 'q1_where', 87: 'q2_where', 88: 'where_both', 89: 'q1_when', 90: 'q2_when', 91: 'when_both', 92: 'q1_why', 93: 'q2_why', 94: 'why_both', 95: 'caps_count_q1', 96: 'caps_count_q2', 97: 'diff_caps', 98: 'exactly_same'}, 'importance': {0: 7456, 1: 6933, 2: 4006, 3: 4699, 4: 4634, 5: 2620, 6: 2145, 7: 2387, 8: 6614, 9: 3715, 10: 7622, 11: 0, 12: 6332, 13: 6220, 14: 7812, 15: 9383, 16: 4495, 17: 5448, 18: 5913, 19: 405, 20: 7494, 21: 3685, 22: 5702, 23: 7204, 24: 8339, 25: 7982, 26: 8685, 27: 8579, 28: 12722, 29: 12646, 30: 10296, 31: 9295, 32: 2345, 33: 3123, 34: 1822, 35: 965, 36: 1256, 37: 1664, 38: 2121, 39: 3162, 40: 3351, 41: 2193, 42: 2721, 43: 7545, 44: 10866, 45: 10582, 46: 6907, 47: 2055, 48: 4222, 49: 1644, 50: 4311, 51: 1655, 52: 3610, 53: 757, 54: 4088, 55: 4669, 56: 2384, 57: 3092, 58: 6574, 59: 1243, 60: 1183, 61: 2598, 62: 4859, 63: 2841, 64: 1663, 65: 3974, 66: 5579, 67: 2809, 68: 6170, 69: 4101, 70: 5155, 71: 3651, 72: 3708, 73: 10044, 74: 736, 75: 759, 76: 463, 77: 696, 78: 773, 79: 509, 80: 197, 81: 332, 82: 119, 83: 86, 84: 85, 85: 140, 86: 258, 87: 78, 88: 71, 89: 81, 90: 283, 91: 16, 92: 511, 93: 488, 94: 755, 95: 0, 96: 0, 97: 0, 98: 0}}"
29-01-2018_20-10-32,lightgb,"[0.13979162650875213, 0.13933874700877291, 0.14962703447749329, 0.13846215713865109, 0.1444857582850434]",0.142341064684,"[0.054744025489365765, 0.052337027558433287, 0.055149930158560796, 0.053614587240736568, 0.055931320132414988]",0.0543553781159,"{'device': 'cpu', 'num_leaves': 130, 'lambda_l2': 2.1, 'feature_fraction': 0.486, 'boosting': 'gbdt', 'feature_fraction_seed': 2017, 'early_stopping_rounds': 50, 'num_boost_round': 5000, 'metric': 'binary_logloss', 'verbose': 1, 'min_data_in_leaf': 15, 'colsample_bytree': 1, 'objective': 'binary', 'learning_rate': 0.005, 'subsample': 1, 'max_depth': 25, 'bagging_fraction_seed': 2017}","{'column': {0: 'len_q1', 1: 'len_q2', 2: 'diff_len', 3: 'len_char_q1', 4: 'len_char_q2', 5: 'len_word_q1', 6: 'len_word_q2', 7: 'common_words', 8: 'fuzz_qratio', 9: 'fuzz_WRatio', 10: 'fuzz_partial_ratio', 11: 'fuzz_partial_token_set_ratio', 12: 'fuzz_partial_token_sort_ratio', 13: 'fuzz_token_set_ratio', 14: 'fuzz_token_sort_ratio', 15: 'wmd', 16: 'norm_wmd', 17: 'cosine_distance', 18: 'cityblock_distance', 19: 'jaccard_distance', 20: 'canberra_distance', 21: 'euclidean_distance', 22: 'minkowski_distance', 23: 'braycurtis_distance', 24: 'skew_q1vec', 25: 'skew_q2vec', 26: 'kur_q1vec', 27: 'kur_q2vec', 28: 'q1_pr', 29: 'q2_pr', 30: 'q1_hash', 31: 'q2_hash', 32: 'q1_freq', 33: 'q2_freq', 34: 'q1_q2_intersect', 35: 'core1', 36: 'core2', 37: 'core3', 38: 'q1_kcores', 39: 'q2_kcores', 40: 'q1_q2_kcores_ratio', 41: 'q1_q2_kcores_diff', 42: 'q1_q2_kcores_diff_normed', 43: 'word_match', 44: 'tfidf_wm', 45: 'tfidf_wm_stops', 46: 'jaccard', 47: 'wc_diff', 48: 'wc_ratio', 49: 'wc_diff_unique', 50: 'wc_ratio_unique', 51: 'wc_diff_unq_stop', 52: 'wc_ratio_unique_stop', 53: 'same_start', 54: 'char_diff', 55: 'char_diff_unq_stop', 56: 'total_unique_words', 57: 'total_unq_words_stop', 58: 'char_ratio', 59: 'q1_neigh', 60: 'q2_neigh', 61: 'common_neigh', 62: 'distinct_neigh', 63: 'clique_size', 64: 'shortest_path', 65: 'bigram_coocurence', 66: 'bigram_distinct', 67: 'bigram_nostpwrd_coocurence', 68: 'bigram_nostpwrd_distinct', 69: '3gram_cooccurence', 70: '3gram_distinct', 71: '3gram_nostpwrd_cooccurence', 72: '3gram_nostpwrd_distinct', 73: 'spacy_similarity', 74: 'q1_how', 75: 'q2_how', 76: 'how_both', 77: 'q1_what', 78: 'q2_what', 79: 'what_both', 80: 'q1_which', 81: 'q2_which', 82: 'which_both', 83: 'q1_who', 84: 'q2_who', 85: 'who_both', 86: 'q1_where', 87: 'q2_where', 88: 'where_both', 89: 'q1_when', 90: 'q2_when', 91: 'when_both', 92: 'q1_why', 93: 'q2_why', 94: 'why_both', 95: 'caps_count_q1', 96: 'caps_count_q2', 97: 'diff_caps', 98: 'exactly_same'}, 'importance': {0: 7690, 1: 7098, 2: 4057, 3: 4744, 4: 4557, 5: 2576, 6: 2108, 7: 2439, 8: 6745, 9: 3761, 10: 7646, 11: 0, 12: 6506, 13: 6398, 14: 7948, 15: 9549, 16: 4527, 17: 5457, 18: 5869, 19: 415, 20: 7566, 21: 3814, 22: 5861, 23: 7197, 24: 8520, 25: 8115, 26: 9092, 27: 8713, 28: 12831, 29: 12716, 30: 10501, 31: 9584, 32: 2357, 33: 3128, 34: 1846, 35: 924, 36: 1244, 37: 1672, 38: 2175, 39: 3222, 40: 3440, 41: 2213, 42: 2717, 43: 7663, 44: 10903, 45: 10706, 46: 6942, 47: 2094, 48: 4197, 49: 1657, 50: 4363, 51: 1731, 52: 3628, 53: 783, 54: 4194, 55: 4594, 56: 2404, 57: 3116, 58: 6627, 59: 1245, 60: 1162, 61: 2567, 62: 4820, 63: 2875, 64: 1696, 65: 4064, 66: 5595, 67: 2800, 68: 6248, 69: 4151, 70: 5199, 71: 3658, 72: 3787, 73: 10131, 74: 726, 75: 754, 76: 453, 77: 731, 78: 831, 79: 521, 80: 216, 81: 343, 82: 120, 83: 88, 84: 84, 85: 134, 86: 247, 87: 77, 88: 48, 89: 96, 90: 271, 91: 20, 92: 528, 93: 512, 94: 743, 95: 0, 96: 0, 97: 0, 98: 0}}"
29-01-2018_20-17-32,lightgb,"[0.13970682082145006, 0.1397250192913248, 0.14920655177054531, 0.13895932722983859, 0.1447651836276504]",0.142472580548,"[0.048052825221546844, 0.050846718508846998, 0.050903483391017253, 0.051844926015374937, 0.056982203487318736]",0.0517260313248,"{'device': 'cpu', 'num_leaves': 140, 'lambda_l2': 1.9, 'feature_fraction': 0.486, 'boosting': 'gbdt', 'feature_fraction_seed': 2017, 'early_stopping_rounds': 50, 'num_boost_round': 5000, 'metric': 'binary_logloss', 'verbose': 1, 'min_data_in_leaf': 15, 'colsample_bytree': 1, 'objective': 'binary', 'learning_rate': 0.01, 'subsample': 1, 'max_depth': 25, 'bagging_fraction_seed': 2017}","{'column': {0: 'len_q1', 1: 'len_q2', 2: 'diff_len', 3: 'len_char_q1', 4: 'len_char_q2', 5: 'len_word_q1', 6: 'len_word_q2', 7: 'common_words', 8: 'fuzz_qratio', 9: 'fuzz_WRatio', 10: 'fuzz_partial_ratio', 11: 'fuzz_partial_token_set_ratio', 12: 'fuzz_partial_token_sort_ratio', 13: 'fuzz_token_set_ratio', 14: 'fuzz_token_sort_ratio', 15: 'wmd', 16: 'norm_wmd', 17: 'cosine_distance', 18: 'cityblock_distance', 19: 'jaccard_distance', 20: 'canberra_distance', 21: 'euclidean_distance', 22: 'minkowski_distance', 23: 'braycurtis_distance', 24: 'skew_q1vec', 25: 'skew_q2vec', 26: 'kur_q1vec', 27: 'kur_q2vec', 28: 'q1_pr', 29: 'q2_pr', 30: 'q1_hash', 31: 'q2_hash', 32: 'q1_freq', 33: 'q2_freq', 34: 'q1_q2_intersect', 35: 'core1', 36: 'core2', 37: 'core3', 38: 'q1_kcores', 39: 'q2_kcores', 40: 'q1_q2_kcores_ratio', 41: 'q1_q2_kcores_diff', 42: 'q1_q2_kcores_diff_normed', 43: 'word_match', 44: 'tfidf_wm', 45: 'tfidf_wm_stops', 46: 'jaccard', 47: 'wc_diff', 48: 'wc_ratio', 49: 'wc_diff_unique', 50: 'wc_ratio_unique', 51: 'wc_diff_unq_stop', 52: 'wc_ratio_unique_stop', 53: 'same_start', 54: 'char_diff', 55: 'char_diff_unq_stop', 56: 'total_unique_words', 57: 'total_unq_words_stop', 58: 'char_ratio', 59: 'q1_neigh', 60: 'q2_neigh', 61: 'common_neigh', 62: 'distinct_neigh', 63: 'clique_size', 64: 'shortest_path', 65: 'bigram_coocurence', 66: 'bigram_distinct', 67: 'bigram_nostpwrd_coocurence', 68: 'bigram_nostpwrd_distinct', 69: '3gram_cooccurence', 70: '3gram_distinct', 71: '3gram_nostpwrd_cooccurence', 72: '3gram_nostpwrd_distinct', 73: 'spacy_similarity', 74: 'q1_how', 75: 'q2_how', 76: 'how_both', 77: 'q1_what', 78: 'q2_what', 79: 'what_both', 80: 'q1_which', 81: 'q2_which', 82: 'which_both', 83: 'q1_who', 84: 'q2_who', 85: 'who_both', 86: 'q1_where', 87: 'q2_where', 88: 'where_both', 89: 'q1_when', 90: 'q2_when', 91: 'when_both', 92: 'q1_why', 93: 'q2_why', 94: 'why_both', 95: 'caps_count_q1', 96: 'caps_count_q2', 97: 'diff_caps', 98: 'exactly_same'}, 'importance': {0: 3497, 1: 3421, 2: 1937, 3: 2252, 4: 2149, 5: 1226, 6: 944, 7: 1221, 8: 3192, 9: 1764, 10: 3692, 11: 0, 12: 3075, 13: 2906, 14: 3771, 15: 4498, 16: 2152, 17: 2460, 18: 2963, 19: 210, 20: 3553, 21: 1886, 22: 2757, 23: 3461, 24: 3795, 25: 3639, 26: 4234, 27: 4037, 28: 5967, 29: 6126, 30: 4848, 31: 4590, 32: 1146, 33: 1566, 34: 871, 35: 502, 36: 569, 37: 827, 38: 1073, 39: 1546, 40: 1676, 41: 1053, 42: 1289, 43: 3612, 44: 5133, 45: 5224, 46: 3287, 47: 1008, 48: 2006, 49: 799, 50: 1955, 51: 761, 52: 1588, 53: 372, 54: 1946, 55: 2152, 56: 1049, 57: 1448, 58: 3202, 59: 618, 60: 536, 61: 1213, 62: 2300, 63: 1434, 64: 824, 65: 2016, 66: 2559, 67: 1381, 68: 2905, 69: 1894, 70: 2359, 71: 1804, 72: 1783, 73: 4855, 74: 308, 75: 330, 76: 200, 77: 365, 78: 386, 79: 229, 80: 90, 81: 159, 82: 44, 83: 37, 84: 34, 85: 70, 86: 128, 87: 35, 88: 30, 89: 45, 90: 135, 91: 8, 92: 227, 93: 237, 94: 374, 95: 0, 96: 0, 97: 0, 98: 0}}"
29-01-2018_20-24-45,lightgb,"[0.13997203879209769, 0.13989991665038812, 0.14960977647492382, 0.13877583974605756, 0.14483366080234117]",0.142618246493,"[0.049253446229248002, 0.050552948528640285, 0.051809859538216325, 0.04884652714526725, 0.052666618202041098]",0.0506258799287,"{'device': 'cpu', 'num_leaves': 140, 'lambda_l2': 2, 'feature_fraction': 0.486, 'boosting': 'gbdt', 'feature_fraction_seed': 2017, 'early_stopping_rounds': 50, 'num_boost_round': 5000, 'metric': 'binary_logloss', 'verbose': 1, 'min_data_in_leaf': 15, 'colsample_bytree': 1, 'objective': 'binary', 'learning_rate': 0.01, 'subsample': 1, 'max_depth': 25, 'bagging_fraction_seed': 2017}","{'column': {0: 'len_q1', 1: 'len_q2', 2: 'diff_len', 3: 'len_char_q1', 4: 'len_char_q2', 5: 'len_word_q1', 6: 'len_word_q2', 7: 'common_words', 8: 'fuzz_qratio', 9: 'fuzz_WRatio', 10: 'fuzz_partial_ratio', 11: 'fuzz_partial_token_set_ratio', 12: 'fuzz_partial_token_sort_ratio', 13: 'fuzz_token_set_ratio', 14: 'fuzz_token_sort_ratio', 15: 'wmd', 16: 'norm_wmd', 17: 'cosine_distance', 18: 'cityblock_distance', 19: 'jaccard_distance', 20: 'canberra_distance', 21: 'euclidean_distance', 22: 'minkowski_distance', 23: 'braycurtis_distance', 24: 'skew_q1vec', 25: 'skew_q2vec', 26: 'kur_q1vec', 27: 'kur_q2vec', 28: 'q1_pr', 29: 'q2_pr', 30: 'q1_hash', 31: 'q2_hash', 32: 'q1_freq', 33: 'q2_freq', 34: 'q1_q2_intersect', 35: 'core1', 36: 'core2', 37: 'core3', 38: 'q1_kcores', 39: 'q2_kcores', 40: 'q1_q2_kcores_ratio', 41: 'q1_q2_kcores_diff', 42: 'q1_q2_kcores_diff_normed', 43: 'word_match', 44: 'tfidf_wm', 45: 'tfidf_wm_stops', 46: 'jaccard', 47: 'wc_diff', 48: 'wc_ratio', 49: 'wc_diff_unique', 50: 'wc_ratio_unique', 51: 'wc_diff_unq_stop', 52: 'wc_ratio_unique_stop', 53: 'same_start', 54: 'char_diff', 55: 'char_diff_unq_stop', 56: 'total_unique_words', 57: 'total_unq_words_stop', 58: 'char_ratio', 59: 'q1_neigh', 60: 'q2_neigh', 61: 'common_neigh', 62: 'distinct_neigh', 63: 'clique_size', 64: 'shortest_path', 65: 'bigram_coocurence', 66: 'bigram_distinct', 67: 'bigram_nostpwrd_coocurence', 68: 'bigram_nostpwrd_distinct', 69: '3gram_cooccurence', 70: '3gram_distinct', 71: '3gram_nostpwrd_cooccurence', 72: '3gram_nostpwrd_distinct', 73: 'spacy_similarity', 74: 'q1_how', 75: 'q2_how', 76: 'how_both', 77: 'q1_what', 78: 'q2_what', 79: 'what_both', 80: 'q1_which', 81: 'q2_which', 82: 'which_both', 83: 'q1_who', 84: 'q2_who', 85: 'who_both', 86: 'q1_where', 87: 'q2_where', 88: 'where_both', 89: 'q1_when', 90: 'q2_when', 91: 'when_both', 92: 'q1_why', 93: 'q2_why', 94: 'why_both', 95: 'caps_count_q1', 96: 'caps_count_q2', 97: 'diff_caps', 98: 'exactly_same'}, 'importance': {0: 3877, 1: 3921, 2: 2173, 3: 2435, 4: 2434, 5: 1360, 6: 1066, 7: 1327, 8: 3470, 9: 2010, 10: 4036, 11: 0, 12: 3408, 13: 3147, 14: 4217, 15: 4907, 16: 2313, 17: 2799, 18: 3110, 19: 216, 20: 4045, 21: 1944, 22: 3066, 23: 3868, 24: 4398, 25: 4275, 26: 4616, 27: 4590, 28: 6544, 29: 6523, 30: 5442, 31: 5156, 32: 1255, 33: 1728, 34: 905, 35: 530, 36: 649, 37: 836, 38: 1099, 39: 1663, 40: 1867, 41: 1101, 42: 1384, 43: 3886, 44: 5572, 45: 5689, 46: 3630, 47: 1080, 48: 2232, 49: 859, 50: 2227, 51: 877, 52: 1785, 53: 395, 54: 2131, 55: 2535, 56: 1226, 57: 1566, 58: 3657, 59: 662, 60: 587, 61: 1279, 62: 2451, 63: 1492, 64: 902, 65: 2233, 66: 2925, 67: 1482, 68: 3285, 69: 2170, 70: 2608, 71: 2041, 72: 2003, 73: 5532, 74: 380, 75: 388, 76: 215, 77: 394, 78: 442, 79: 244, 80: 108, 81: 180, 82: 55, 83: 45, 84: 49, 85: 82, 86: 124, 87: 49, 88: 39, 89: 55, 90: 150, 91: 8, 92: 247, 93: 248, 94: 389, 95: 0, 96: 0, 97: 0, 98: 0}}"
29-01-2018_20-32-12,lightgb,"[0.13992534762279235, 0.13959914686122768, 0.14948771188958559, 0.13884414869938858, 0.14437923848487971]",0.142447118712,"[0.048086170499143474, 0.048304091119003009, 0.050236012009588479, 0.049412619784726622, 0.051339213056219093]",0.0494756212937,"{'device': 'cpu', 'num_leaves': 140, 'lambda_l2': 2.1, 'feature_fraction': 0.486, 'boosting': 'gbdt', 'feature_fraction_seed': 2017, 'early_stopping_rounds': 50, 'num_boost_round': 5000, 'metric': 'binary_logloss', 'verbose': 1, 'min_data_in_leaf': 15, 'colsample_bytree': 1, 'objective': 'binary', 'learning_rate': 0.01, 'subsample': 1, 'max_depth': 25, 'bagging_fraction_seed': 2017}","{'column': {0: 'len_q1', 1: 'len_q2', 2: 'diff_len', 3: 'len_char_q1', 4: 'len_char_q2', 5: 'len_word_q1', 6: 'len_word_q2', 7: 'common_words', 8: 'fuzz_qratio', 9: 'fuzz_WRatio', 10: 'fuzz_partial_ratio', 11: 'fuzz_partial_token_set_ratio', 12: 'fuzz_partial_token_sort_ratio', 13: 'fuzz_token_set_ratio', 14: 'fuzz_token_sort_ratio', 15: 'wmd', 16: 'norm_wmd', 17: 'cosine_distance', 18: 'cityblock_distance', 19: 'jaccard_distance', 20: 'canberra_distance', 21: 'euclidean_distance', 22: 'minkowski_distance', 23: 'braycurtis_distance', 24: 'skew_q1vec', 25: 'skew_q2vec', 26: 'kur_q1vec', 27: 'kur_q2vec', 28: 'q1_pr', 29: 'q2_pr', 30: 'q1_hash', 31: 'q2_hash', 32: 'q1_freq', 33: 'q2_freq', 34: 'q1_q2_intersect', 35: 'core1', 36: 'core2', 37: 'core3', 38: 'q1_kcores', 39: 'q2_kcores', 40: 'q1_q2_kcores_ratio', 41: 'q1_q2_kcores_diff', 42: 'q1_q2_kcores_diff_normed', 43: 'word_match', 44: 'tfidf_wm', 45: 'tfidf_wm_stops', 46: 'jaccard', 47: 'wc_diff', 48: 'wc_ratio', 49: 'wc_diff_unique', 50: 'wc_ratio_unique', 51: 'wc_diff_unq_stop', 52: 'wc_ratio_unique_stop', 53: 'same_start', 54: 'char_diff', 55: 'char_diff_unq_stop', 56: 'total_unique_words', 57: 'total_unq_words_stop', 58: 'char_ratio', 59: 'q1_neigh', 60: 'q2_neigh', 61: 'common_neigh', 62: 'distinct_neigh', 63: 'clique_size', 64: 'shortest_path', 65: 'bigram_coocurence', 66: 'bigram_distinct', 67: 'bigram_nostpwrd_coocurence', 68: 'bigram_nostpwrd_distinct', 69: '3gram_cooccurence', 70: '3gram_distinct', 71: '3gram_nostpwrd_cooccurence', 72: '3gram_nostpwrd_distinct', 73: 'spacy_similarity', 74: 'q1_how', 75: 'q2_how', 76: 'how_both', 77: 'q1_what', 78: 'q2_what', 79: 'what_both', 80: 'q1_which', 81: 'q2_which', 82: 'which_both', 83: 'q1_who', 84: 'q2_who', 85: 'who_both', 86: 'q1_where', 87: 'q2_where', 88: 'where_both', 89: 'q1_when', 90: 'q2_when', 91: 'when_both', 92: 'q1_why', 93: 'q2_why', 94: 'why_both', 95: 'caps_count_q1', 96: 'caps_count_q2', 97: 'diff_caps', 98: 'exactly_same'}, 'importance': {0: 4101, 1: 4035, 2: 2235, 3: 2635, 4: 2466, 5: 1426, 6: 1090, 7: 1323, 8: 3651, 9: 2056, 10: 3999, 11: 0, 12: 3543, 13: 3232, 14: 4243, 15: 5007, 16: 2441, 17: 2928, 18: 3348, 19: 225, 20: 4301, 21: 2099, 22: 3088, 23: 3997, 24: 4505, 25: 4431, 26: 4945, 27: 4682, 28: 6869, 29: 6820, 30: 5742, 31: 5363, 32: 1281, 33: 1732, 34: 925, 35: 530, 36: 665, 37: 905, 38: 1102, 39: 1738, 40: 1849, 41: 1158, 42: 1439, 43: 4009, 44: 5801, 45: 5813, 46: 3867, 47: 1126, 48: 2306, 49: 969, 50: 2361, 51: 899, 52: 1929, 53: 431, 54: 2323, 55: 2579, 56: 1273, 57: 1650, 58: 3660, 59: 702, 60: 614, 61: 1330, 62: 2538, 63: 1516, 64: 894, 65: 2203, 66: 3093, 67: 1554, 68: 3405, 69: 2252, 70: 2821, 71: 2044, 72: 2050, 73: 5606, 74: 369, 75: 391, 76: 218, 77: 411, 78: 441, 79: 244, 80: 122, 81: 172, 82: 68, 83: 37, 84: 36, 85: 82, 86: 137, 87: 37, 88: 35, 89: 49, 90: 147, 91: 9, 92: 248, 93: 278, 94: 390, 95: 0, 96: 0, 97: 0, 98: 0}}"
29-01-2018_20-46-14,lightgb,"[0.13985880583336241, 0.13949256214382222, 0.1494628069512465, 0.13877629940583294, 0.14438742161636189]",0.14239557919,"[0.048734913128833358, 0.049573927751818854, 0.050250980889917099, 0.054586148345016711, 0.054192432458604597]",0.0514676805148,"{'device': 'cpu', 'num_leaves': 140, 'lambda_l2': 1.9, 'feature_fraction': 0.486, 'boosting': 'gbdt', 'feature_fraction_seed': 2017, 'early_stopping_rounds': 50, 'num_boost_round': 5000, 'metric': 'binary_logloss', 'verbose': 1, 'min_data_in_leaf': 15, 'colsample_bytree': 1, 'objective': 'binary', 'learning_rate': 0.005, 'subsample': 1, 'max_depth': 25, 'bagging_fraction_seed': 2017}","{'column': {0: 'len_q1', 1: 'len_q2', 2: 'diff_len', 3: 'len_char_q1', 4: 'len_char_q2', 5: 'len_word_q1', 6: 'len_word_q2', 7: 'common_words', 8: 'fuzz_qratio', 9: 'fuzz_WRatio', 10: 'fuzz_partial_ratio', 11: 'fuzz_partial_token_set_ratio', 12: 'fuzz_partial_token_sort_ratio', 13: 'fuzz_token_set_ratio', 14: 'fuzz_token_sort_ratio', 15: 'wmd', 16: 'norm_wmd', 17: 'cosine_distance', 18: 'cityblock_distance', 19: 'jaccard_distance', 20: 'canberra_distance', 21: 'euclidean_distance', 22: 'minkowski_distance', 23: 'braycurtis_distance', 24: 'skew_q1vec', 25: 'skew_q2vec', 26: 'kur_q1vec', 27: 'kur_q2vec', 28: 'q1_pr', 29: 'q2_pr', 30: 'q1_hash', 31: 'q2_hash', 32: 'q1_freq', 33: 'q2_freq', 34: 'q1_q2_intersect', 35: 'core1', 36: 'core2', 37: 'core3', 38: 'q1_kcores', 39: 'q2_kcores', 40: 'q1_q2_kcores_ratio', 41: 'q1_q2_kcores_diff', 42: 'q1_q2_kcores_diff_normed', 43: 'word_match', 44: 'tfidf_wm', 45: 'tfidf_wm_stops', 46: 'jaccard', 47: 'wc_diff', 48: 'wc_ratio', 49: 'wc_diff_unique', 50: 'wc_ratio_unique', 51: 'wc_diff_unq_stop', 52: 'wc_ratio_unique_stop', 53: 'same_start', 54: 'char_diff', 55: 'char_diff_unq_stop', 56: 'total_unique_words', 57: 'total_unq_words_stop', 58: 'char_ratio', 59: 'q1_neigh', 60: 'q2_neigh', 61: 'common_neigh', 62: 'distinct_neigh', 63: 'clique_size', 64: 'shortest_path', 65: 'bigram_coocurence', 66: 'bigram_distinct', 67: 'bigram_nostpwrd_coocurence', 68: 'bigram_nostpwrd_distinct', 69: '3gram_cooccurence', 70: '3gram_distinct', 71: '3gram_nostpwrd_cooccurence', 72: '3gram_nostpwrd_distinct', 73: 'spacy_similarity', 74: 'q1_how', 75: 'q2_how', 76: 'how_both', 77: 'q1_what', 78: 'q2_what', 79: 'what_both', 80: 'q1_which', 81: 'q2_which', 82: 'which_both', 83: 'q1_who', 84: 'q2_who', 85: 'who_both', 86: 'q1_where', 87: 'q2_where', 88: 'where_both', 89: 'q1_when', 90: 'q2_when', 91: 'when_both', 92: 'q1_why', 93: 'q2_why', 94: 'why_both', 95: 'caps_count_q1', 96: 'caps_count_q2', 97: 'diff_caps', 98: 'exactly_same'}, 'importance': {0: 7817, 1: 7414, 2: 4152, 3: 4860, 4: 4748, 5: 2733, 6: 2182, 7: 2498, 8: 6915, 9: 3882, 10: 7896, 11: 0, 12: 6656, 13: 6548, 14: 8167, 15: 9892, 16: 4709, 17: 5770, 18: 6186, 19: 438, 20: 7925, 21: 3834, 22: 5940, 23: 7396, 24: 8637, 25: 8394, 26: 9202, 27: 9093, 28: 13194, 29: 12865, 30: 10711, 31: 9887, 32: 2488, 33: 3299, 34: 1854, 35: 973, 36: 1252, 37: 1739, 38: 2176, 39: 3237, 40: 3555, 41: 2248, 42: 2817, 43: 7729, 44: 11187, 45: 11263, 46: 7179, 47: 2236, 48: 4503, 49: 1772, 50: 4401, 51: 1700, 52: 3774, 53: 832, 54: 4303, 55: 4720, 56: 2488, 57: 3162, 58: 6791, 59: 1248, 60: 1220, 61: 2594, 62: 4977, 63: 2919, 64: 1683, 65: 4192, 66: 5882, 67: 2844, 68: 6363, 69: 4257, 70: 5199, 71: 3869, 72: 3900, 73: 10291, 74: 733, 75: 794, 76: 462, 77: 715, 78: 813, 79: 521, 80: 207, 81: 321, 82: 117, 83: 67, 84: 78, 85: 148, 86: 248, 87: 82, 88: 57, 89: 103, 90: 288, 91: 21, 92: 512, 93: 499, 94: 780, 95: 0, 96: 0, 97: 0, 98: 0}}"
29-01-2018_21-00-49,lightgb,"[0.13980771023854005, 0.13942045938555839, 0.14946504290723642, 0.13883610987909828, 0.14450616978731415]",0.14240709844,"[0.047265010929677186, 0.049226079535932471, 0.049040460091985441, 0.050625714398035676, 0.054307656890538625]",0.0500929843692,"{'device': 'cpu', 'num_leaves': 140, 'lambda_l2': 2, 'feature_fraction': 0.486, 'boosting': 'gbdt', 'feature_fraction_seed': 2017, 'early_stopping_rounds': 50, 'num_boost_round': 5000, 'metric': 'binary_logloss', 'verbose': 1, 'min_data_in_leaf': 15, 'colsample_bytree': 1, 'objective': 'binary', 'learning_rate': 0.005, 'subsample': 1, 'max_depth': 25, 'bagging_fraction_seed': 2017}","{'column': {0: 'len_q1', 1: 'len_q2', 2: 'diff_len', 3: 'len_char_q1', 4: 'len_char_q2', 5: 'len_word_q1', 6: 'len_word_q2', 7: 'common_words', 8: 'fuzz_qratio', 9: 'fuzz_WRatio', 10: 'fuzz_partial_ratio', 11: 'fuzz_partial_token_set_ratio', 12: 'fuzz_partial_token_sort_ratio', 13: 'fuzz_token_set_ratio', 14: 'fuzz_token_sort_ratio', 15: 'wmd', 16: 'norm_wmd', 17: 'cosine_distance', 18: 'cityblock_distance', 19: 'jaccard_distance', 20: 'canberra_distance', 21: 'euclidean_distance', 22: 'minkowski_distance', 23: 'braycurtis_distance', 24: 'skew_q1vec', 25: 'skew_q2vec', 26: 'kur_q1vec', 27: 'kur_q2vec', 28: 'q1_pr', 29: 'q2_pr', 30: 'q1_hash', 31: 'q2_hash', 32: 'q1_freq', 33: 'q2_freq', 34: 'q1_q2_intersect', 35: 'core1', 36: 'core2', 37: 'core3', 38: 'q1_kcores', 39: 'q2_kcores', 40: 'q1_q2_kcores_ratio', 41: 'q1_q2_kcores_diff', 42: 'q1_q2_kcores_diff_normed', 43: 'word_match', 44: 'tfidf_wm', 45: 'tfidf_wm_stops', 46: 'jaccard', 47: 'wc_diff', 48: 'wc_ratio', 49: 'wc_diff_unique', 50: 'wc_ratio_unique', 51: 'wc_diff_unq_stop', 52: 'wc_ratio_unique_stop', 53: 'same_start', 54: 'char_diff', 55: 'char_diff_unq_stop', 56: 'total_unique_words', 57: 'total_unq_words_stop', 58: 'char_ratio', 59: 'q1_neigh', 60: 'q2_neigh', 61: 'common_neigh', 62: 'distinct_neigh', 63: 'clique_size', 64: 'shortest_path', 65: 'bigram_coocurence', 66: 'bigram_distinct', 67: 'bigram_nostpwrd_coocurence', 68: 'bigram_nostpwrd_distinct', 69: '3gram_cooccurence', 70: '3gram_distinct', 71: '3gram_nostpwrd_cooccurence', 72: '3gram_nostpwrd_distinct', 73: 'spacy_similarity', 74: 'q1_how', 75: 'q2_how', 76: 'how_both', 77: 'q1_what', 78: 'q2_what', 79: 'what_both', 80: 'q1_which', 81: 'q2_which', 82: 'which_both', 83: 'q1_who', 84: 'q2_who', 85: 'who_both', 86: 'q1_where', 87: 'q2_where', 88: 'where_both', 89: 'q1_when', 90: 'q2_when', 91: 'when_both', 92: 'q1_why', 93: 'q2_why', 94: 'why_both', 95: 'caps_count_q1', 96: 'caps_count_q2', 97: 'diff_caps', 98: 'exactly_same'}, 'importance': {0: 7695, 1: 7336, 2: 4151, 3: 4922, 4: 4805, 5: 2706, 6: 2240, 7: 2527, 8: 6869, 9: 3897, 10: 7813, 11: 0, 12: 6628, 13: 6558, 14: 8198, 15: 9779, 16: 4632, 17: 5714, 18: 6117, 19: 446, 20: 7943, 21: 3814, 22: 5915, 23: 7554, 24: 8747, 25: 8457, 26: 9225, 27: 8949, 28: 13134, 29: 12906, 30: 10689, 31: 9941, 32: 2476, 33: 3279, 34: 1898, 35: 950, 36: 1266, 37: 1733, 38: 2177, 39: 3232, 40: 3517, 41: 2218, 42: 2742, 43: 7823, 44: 11223, 45: 11242, 46: 7210, 47: 2236, 48: 4475, 49: 1730, 50: 4499, 51: 1739, 52: 3791, 53: 795, 54: 4262, 55: 4802, 56: 2392, 57: 3125, 58: 6849, 59: 1299, 60: 1228, 61: 2610, 62: 4835, 63: 2911, 64: 1732, 65: 4183, 66: 5847, 67: 2871, 68: 6431, 69: 4229, 70: 5313, 71: 3816, 72: 3917, 73: 10363, 74: 727, 75: 786, 76: 450, 77: 726, 78: 864, 79: 535, 80: 215, 81: 337, 82: 126, 83: 80, 84: 88, 85: 148, 86: 256, 87: 86, 88: 57, 89: 104, 90: 285, 91: 15, 92: 504, 93: 496, 94: 765, 95: 0, 96: 0, 97: 0, 98: 0}}"
29-01-2018_21-14-56,lightgb,"[0.1397613975832856, 0.13973204650627988, 0.14952286986009017, 0.13873469849781658, 0.14427652763346011]",0.142405508016,"[0.050565711210435349, 0.052390658251270469, 0.054210876177308541, 0.050778930693335694, 0.051136029902945114]",0.0518164412471,"{'device': 'cpu', 'num_leaves': 140, 'lambda_l2': 2.1, 'feature_fraction': 0.486, 'boosting': 'gbdt', 'feature_fraction_seed': 2017, 'early_stopping_rounds': 50, 'num_boost_round': 5000, 'metric': 'binary_logloss', 'verbose': 1, 'min_data_in_leaf': 15, 'colsample_bytree': 1, 'objective': 'binary', 'learning_rate': 0.005, 'subsample': 1, 'max_depth': 25, 'bagging_fraction_seed': 2017}","{'column': {0: 'len_q1', 1: 'len_q2', 2: 'diff_len', 3: 'len_char_q1', 4: 'len_char_q2', 5: 'len_word_q1', 6: 'len_word_q2', 7: 'common_words', 8: 'fuzz_qratio', 9: 'fuzz_WRatio', 10: 'fuzz_partial_ratio', 11: 'fuzz_partial_token_set_ratio', 12: 'fuzz_partial_token_sort_ratio', 13: 'fuzz_token_set_ratio', 14: 'fuzz_token_sort_ratio', 15: 'wmd', 16: 'norm_wmd', 17: 'cosine_distance', 18: 'cityblock_distance', 19: 'jaccard_distance', 20: 'canberra_distance', 21: 'euclidean_distance', 22: 'minkowski_distance', 23: 'braycurtis_distance', 24: 'skew_q1vec', 25: 'skew_q2vec', 26: 'kur_q1vec', 27: 'kur_q2vec', 28: 'q1_pr', 29: 'q2_pr', 30: 'q1_hash', 31: 'q2_hash', 32: 'q1_freq', 33: 'q2_freq', 34: 'q1_q2_intersect', 35: 'core1', 36: 'core2', 37: 'core3', 38: 'q1_kcores', 39: 'q2_kcores', 40: 'q1_q2_kcores_ratio', 41: 'q1_q2_kcores_diff', 42: 'q1_q2_kcores_diff_normed', 43: 'word_match', 44: 'tfidf_wm', 45: 'tfidf_wm_stops', 46: 'jaccard', 47: 'wc_diff', 48: 'wc_ratio', 49: 'wc_diff_unique', 50: 'wc_ratio_unique', 51: 'wc_diff_unq_stop', 52: 'wc_ratio_unique_stop', 53: 'same_start', 54: 'char_diff', 55: 'char_diff_unq_stop', 56: 'total_unique_words', 57: 'total_unq_words_stop', 58: 'char_ratio', 59: 'q1_neigh', 60: 'q2_neigh', 61: 'common_neigh', 62: 'distinct_neigh', 63: 'clique_size', 64: 'shortest_path', 65: 'bigram_coocurence', 66: 'bigram_distinct', 67: 'bigram_nostpwrd_coocurence', 68: 'bigram_nostpwrd_distinct', 69: '3gram_cooccurence', 70: '3gram_distinct', 71: '3gram_nostpwrd_cooccurence', 72: '3gram_nostpwrd_distinct', 73: 'spacy_similarity', 74: 'q1_how', 75: 'q2_how', 76: 'how_both', 77: 'q1_what', 78: 'q2_what', 79: 'what_both', 80: 'q1_which', 81: 'q2_which', 82: 'which_both', 83: 'q1_who', 84: 'q2_who', 85: 'who_both', 86: 'q1_where', 87: 'q2_where', 88: 'where_both', 89: 'q1_when', 90: 'q2_when', 91: 'when_both', 92: 'q1_why', 93: 'q2_why', 94: 'why_both', 95: 'caps_count_q1', 96: 'caps_count_q2', 97: 'diff_caps', 98: 'exactly_same'}, 'importance': {0: 8440, 1: 7915, 2: 4594, 3: 5261, 4: 5181, 5: 3018, 6: 2433, 7: 2726, 8: 7540, 9: 4331, 10: 8573, 11: 0, 12: 7398, 13: 6912, 14: 8733, 15: 10390, 16: 5260, 17: 6073, 18: 6511, 19: 441, 20: 8582, 21: 4123, 22: 6390, 23: 8157, 24: 9514, 25: 8994, 26: 9991, 27: 9867, 28: 14088, 29: 14021, 30: 11653, 31: 10668, 32: 2651, 33: 3499, 34: 1931, 35: 1003, 36: 1388, 37: 1814, 38: 2305, 39: 3343, 40: 3690, 41: 2342, 42: 2868, 43: 8132, 44: 12038, 45: 12127, 46: 7649, 47: 2347, 48: 4757, 49: 1935, 50: 4774, 51: 1910, 52: 4111, 53: 862, 54: 4796, 55: 5290, 56: 2650, 57: 3371, 58: 7366, 59: 1364, 60: 1334, 61: 2722, 62: 5263, 63: 3090, 64: 1811, 65: 4375, 66: 6317, 67: 3027, 68: 6785, 69: 4635, 70: 5696, 71: 4141, 72: 4165, 73: 11253, 74: 790, 75: 851, 76: 479, 77: 759, 78: 872, 79: 548, 80: 239, 81: 341, 82: 141, 83: 79, 84: 84, 85: 148, 86: 279, 87: 77, 88: 60, 89: 117, 90: 321, 91: 18, 92: 562, 93: 540, 94: 820, 95: 0, 96: 0, 97: 0, 98: 0}}"
29-01-2018_21-22-01,lightgb,"[0.13974226904667886, 0.13971057185400521, 0.14984859775511644, 0.13863163375463217, 0.14501011123433954]",0.142588636729,"[0.048694337637695491, 0.048413674101899978, 0.046916026898562196, 0.049763536182337025, 0.052360766575467121]",0.0492296682792,"{'device': 'cpu', 'num_leaves': 150, 'lambda_l2': 1.9, 'feature_fraction': 0.486, 'boosting': 'gbdt', 'feature_fraction_seed': 2017, 'early_stopping_rounds': 50, 'num_boost_round': 5000, 'metric': 'binary_logloss', 'verbose': 1, 'min_data_in_leaf': 15, 'colsample_bytree': 1, 'objective': 'binary', 'learning_rate': 0.01, 'subsample': 1, 'max_depth': 25, 'bagging_fraction_seed': 2017}","{'column': {0: 'len_q1', 1: 'len_q2', 2: 'diff_len', 3: 'len_char_q1', 4: 'len_char_q2', 5: 'len_word_q1', 6: 'len_word_q2', 7: 'common_words', 8: 'fuzz_qratio', 9: 'fuzz_WRatio', 10: 'fuzz_partial_ratio', 11: 'fuzz_partial_token_set_ratio', 12: 'fuzz_partial_token_sort_ratio', 13: 'fuzz_token_set_ratio', 14: 'fuzz_token_sort_ratio', 15: 'wmd', 16: 'norm_wmd', 17: 'cosine_distance', 18: 'cityblock_distance', 19: 'jaccard_distance', 20: 'canberra_distance', 21: 'euclidean_distance', 22: 'minkowski_distance', 23: 'braycurtis_distance', 24: 'skew_q1vec', 25: 'skew_q2vec', 26: 'kur_q1vec', 27: 'kur_q2vec', 28: 'q1_pr', 29: 'q2_pr', 30: 'q1_hash', 31: 'q2_hash', 32: 'q1_freq', 33: 'q2_freq', 34: 'q1_q2_intersect', 35: 'core1', 36: 'core2', 37: 'core3', 38: 'q1_kcores', 39: 'q2_kcores', 40: 'q1_q2_kcores_ratio', 41: 'q1_q2_kcores_diff', 42: 'q1_q2_kcores_diff_normed', 43: 'word_match', 44: 'tfidf_wm', 45: 'tfidf_wm_stops', 46: 'jaccard', 47: 'wc_diff', 48: 'wc_ratio', 49: 'wc_diff_unique', 50: 'wc_ratio_unique', 51: 'wc_diff_unq_stop', 52: 'wc_ratio_unique_stop', 53: 'same_start', 54: 'char_diff', 55: 'char_diff_unq_stop', 56: 'total_unique_words', 57: 'total_unq_words_stop', 58: 'char_ratio', 59: 'q1_neigh', 60: 'q2_neigh', 61: 'common_neigh', 62: 'distinct_neigh', 63: 'clique_size', 64: 'shortest_path', 65: 'bigram_coocurence', 66: 'bigram_distinct', 67: 'bigram_nostpwrd_coocurence', 68: 'bigram_nostpwrd_distinct', 69: '3gram_cooccurence', 70: '3gram_distinct', 71: '3gram_nostpwrd_cooccurence', 72: '3gram_nostpwrd_distinct', 73: 'spacy_similarity', 74: 'q1_how', 75: 'q2_how', 76: 'how_both', 77: 'q1_what', 78: 'q2_what', 79: 'what_both', 80: 'q1_which', 81: 'q2_which', 82: 'which_both', 83: 'q1_who', 84: 'q2_who', 85: 'who_both', 86: 'q1_where', 87: 'q2_where', 88: 'where_both', 89: 'q1_when', 90: 'q2_when', 91: 'when_both', 92: 'q1_why', 93: 'q2_why', 94: 'why_both', 95: 'caps_count_q1', 96: 'caps_count_q2', 97: 'diff_caps', 98: 'exactly_same'}, 'importance': {0: 3942, 1: 3861, 2: 2072, 3: 2456, 4: 2354, 5: 1358, 6: 1069, 7: 1257, 8: 3435, 9: 1978, 10: 4164, 11: 0, 12: 3347, 13: 3203, 14: 4124, 15: 4949, 16: 2313, 17: 2742, 18: 3165, 19: 233, 20: 3933, 21: 1958, 22: 3017, 23: 3948, 24: 4187, 25: 4084, 26: 4752, 27: 4535, 28: 6583, 29: 6535, 30: 5401, 31: 5164, 32: 1250, 33: 1686, 34: 919, 35: 516, 36: 651, 37: 848, 38: 1135, 39: 1678, 40: 1825, 41: 1125, 42: 1406, 43: 3879, 44: 5624, 45: 5497, 46: 3562, 47: 1010, 48: 2237, 49: 888, 50: 2230, 51: 824, 52: 1816, 53: 374, 54: 2085, 55: 2411, 56: 1278, 57: 1573, 58: 3584, 59: 641, 60: 570, 61: 1268, 62: 2444, 63: 1464, 64: 874, 65: 2173, 66: 2802, 67: 1478, 68: 3233, 69: 2177, 70: 2648, 71: 2012, 72: 2054, 73: 5509, 74: 371, 75: 359, 76: 209, 77: 392, 78: 431, 79: 271, 80: 102, 81: 153, 82: 52, 83: 27, 84: 31, 85: 62, 86: 139, 87: 32, 88: 32, 89: 44, 90: 143, 91: 6, 92: 229, 93: 247, 94: 395, 95: 0, 96: 0, 97: 0, 98: 0}}"
29-01-2018_21-28-59,lightgb,"[0.14027892382279053, 0.13981367888526128, 0.15011259165743118, 0.13886672670778005, 0.14480042266813142]",0.142774468748,"[0.046908697604490811, 0.045958514200895674, 0.053450525970683317, 0.050096012159601938, 0.055646436650176677]",0.0504120373172,"{'device': 'cpu', 'num_leaves': 150, 'lambda_l2': 2, 'feature_fraction': 0.486, 'boosting': 'gbdt', 'feature_fraction_seed': 2017, 'early_stopping_rounds': 50, 'num_boost_round': 5000, 'metric': 'binary_logloss', 'verbose': 1, 'min_data_in_leaf': 15, 'colsample_bytree': 1, 'objective': 'binary', 'learning_rate': 0.01, 'subsample': 1, 'max_depth': 25, 'bagging_fraction_seed': 2017}","{'column': {0: 'len_q1', 1: 'len_q2', 2: 'diff_len', 3: 'len_char_q1', 4: 'len_char_q2', 5: 'len_word_q1', 6: 'len_word_q2', 7: 'common_words', 8: 'fuzz_qratio', 9: 'fuzz_WRatio', 10: 'fuzz_partial_ratio', 11: 'fuzz_partial_token_set_ratio', 12: 'fuzz_partial_token_sort_ratio', 13: 'fuzz_token_set_ratio', 14: 'fuzz_token_sort_ratio', 15: 'wmd', 16: 'norm_wmd', 17: 'cosine_distance', 18: 'cityblock_distance', 19: 'jaccard_distance', 20: 'canberra_distance', 21: 'euclidean_distance', 22: 'minkowski_distance', 23: 'braycurtis_distance', 24: 'skew_q1vec', 25: 'skew_q2vec', 26: 'kur_q1vec', 27: 'kur_q2vec', 28: 'q1_pr', 29: 'q2_pr', 30: 'q1_hash', 31: 'q2_hash', 32: 'q1_freq', 33: 'q2_freq', 34: 'q1_q2_intersect', 35: 'core1', 36: 'core2', 37: 'core3', 38: 'q1_kcores', 39: 'q2_kcores', 40: 'q1_q2_kcores_ratio', 41: 'q1_q2_kcores_diff', 42: 'q1_q2_kcores_diff_normed', 43: 'word_match', 44: 'tfidf_wm', 45: 'tfidf_wm_stops', 46: 'jaccard', 47: 'wc_diff', 48: 'wc_ratio', 49: 'wc_diff_unique', 50: 'wc_ratio_unique', 51: 'wc_diff_unq_stop', 52: 'wc_ratio_unique_stop', 53: 'same_start', 54: 'char_diff', 55: 'char_diff_unq_stop', 56: 'total_unique_words', 57: 'total_unq_words_stop', 58: 'char_ratio', 59: 'q1_neigh', 60: 'q2_neigh', 61: 'common_neigh', 62: 'distinct_neigh', 63: 'clique_size', 64: 'shortest_path', 65: 'bigram_coocurence', 66: 'bigram_distinct', 67: 'bigram_nostpwrd_coocurence', 68: 'bigram_nostpwrd_distinct', 69: '3gram_cooccurence', 70: '3gram_distinct', 71: '3gram_nostpwrd_cooccurence', 72: '3gram_nostpwrd_distinct', 73: 'spacy_similarity', 74: 'q1_how', 75: 'q2_how', 76: 'how_both', 77: 'q1_what', 78: 'q2_what', 79: 'what_both', 80: 'q1_which', 81: 'q2_which', 82: 'which_both', 83: 'q1_who', 84: 'q2_who', 85: 'who_both', 86: 'q1_where', 87: 'q2_where', 88: 'where_both', 89: 'q1_when', 90: 'q2_when', 91: 'when_both', 92: 'q1_why', 93: 'q2_why', 94: 'why_both', 95: 'caps_count_q1', 96: 'caps_count_q2', 97: 'diff_caps', 98: 'exactly_same'}, 'importance': {0: 3599, 1: 3621, 2: 1953, 3: 2252, 4: 2274, 5: 1319, 6: 1011, 7: 1233, 8: 3214, 9: 1850, 10: 3829, 11: 0, 12: 3263, 13: 2967, 14: 3828, 15: 4589, 16: 2227, 17: 2567, 18: 2953, 19: 219, 20: 3717, 21: 1889, 22: 2806, 23: 3507, 24: 4081, 25: 3797, 26: 4341, 27: 4189, 28: 6253, 29: 6257, 30: 5008, 31: 4828, 32: 1147, 33: 1613, 34: 899, 35: 505, 36: 631, 37: 845, 38: 1075, 39: 1601, 40: 1750, 41: 1083, 42: 1351, 43: 3685, 44: 5252, 45: 5340, 46: 3338, 47: 1030, 48: 2077, 49: 843, 50: 2075, 51: 756, 52: 1674, 53: 373, 54: 2015, 55: 2272, 56: 1133, 57: 1495, 58: 3351, 59: 598, 60: 557, 61: 1229, 62: 2382, 63: 1435, 64: 825, 65: 2118, 66: 2685, 67: 1418, 68: 2995, 69: 2020, 70: 2453, 71: 1944, 72: 1866, 73: 4983, 74: 330, 75: 349, 76: 214, 77: 362, 78: 387, 79: 251, 80: 94, 81: 165, 82: 51, 83: 38, 84: 44, 85: 79, 86: 130, 87: 38, 88: 30, 89: 49, 90: 136, 91: 8, 92: 245, 93: 237, 94: 385, 95: 0, 96: 0, 97: 0, 98: 0}}"
29-01-2018_21-35-56,lightgb,"[0.1399373754504393, 0.13954793569923851, 0.14981856860388953, 0.13930961041008813, 0.14484184383843329]",0.1426910668,"[0.045573591904177313, 0.049881567554548929, 0.049398468927718014, 0.054828584426097685, 0.054865141801135192]",0.0509094709227,"{'device': 'cpu', 'num_leaves': 150, 'lambda_l2': 2.1, 'feature_fraction': 0.486, 'boosting': 'gbdt', 'feature_fraction_seed': 2017, 'early_stopping_rounds': 50, 'num_boost_round': 5000, 'metric': 'binary_logloss', 'verbose': 1, 'min_data_in_leaf': 15, 'colsample_bytree': 1, 'objective': 'binary', 'learning_rate': 0.01, 'subsample': 1, 'max_depth': 25, 'bagging_fraction_seed': 2017}","{'column': {0: 'len_q1', 1: 'len_q2', 2: 'diff_len', 3: 'len_char_q1', 4: 'len_char_q2', 5: 'len_word_q1', 6: 'len_word_q2', 7: 'common_words', 8: 'fuzz_qratio', 9: 'fuzz_WRatio', 10: 'fuzz_partial_ratio', 11: 'fuzz_partial_token_set_ratio', 12: 'fuzz_partial_token_sort_ratio', 13: 'fuzz_token_set_ratio', 14: 'fuzz_token_sort_ratio', 15: 'wmd', 16: 'norm_wmd', 17: 'cosine_distance', 18: 'cityblock_distance', 19: 'jaccard_distance', 20: 'canberra_distance', 21: 'euclidean_distance', 22: 'minkowski_distance', 23: 'braycurtis_distance', 24: 'skew_q1vec', 25: 'skew_q2vec', 26: 'kur_q1vec', 27: 'kur_q2vec', 28: 'q1_pr', 29: 'q2_pr', 30: 'q1_hash', 31: 'q2_hash', 32: 'q1_freq', 33: 'q2_freq', 34: 'q1_q2_intersect', 35: 'core1', 36: 'core2', 37: 'core3', 38: 'q1_kcores', 39: 'q2_kcores', 40: 'q1_q2_kcores_ratio', 41: 'q1_q2_kcores_diff', 42: 'q1_q2_kcores_diff_normed', 43: 'word_match', 44: 'tfidf_wm', 45: 'tfidf_wm_stops', 46: 'jaccard', 47: 'wc_diff', 48: 'wc_ratio', 49: 'wc_diff_unique', 50: 'wc_ratio_unique', 51: 'wc_diff_unq_stop', 52: 'wc_ratio_unique_stop', 53: 'same_start', 54: 'char_diff', 55: 'char_diff_unq_stop', 56: 'total_unique_words', 57: 'total_unq_words_stop', 58: 'char_ratio', 59: 'q1_neigh', 60: 'q2_neigh', 61: 'common_neigh', 62: 'distinct_neigh', 63: 'clique_size', 64: 'shortest_path', 65: 'bigram_coocurence', 66: 'bigram_distinct', 67: 'bigram_nostpwrd_coocurence', 68: 'bigram_nostpwrd_distinct', 69: '3gram_cooccurence', 70: '3gram_distinct', 71: '3gram_nostpwrd_cooccurence', 72: '3gram_nostpwrd_distinct', 73: 'spacy_similarity', 74: 'q1_how', 75: 'q2_how', 76: 'how_both', 77: 'q1_what', 78: 'q2_what', 79: 'what_both', 80: 'q1_which', 81: 'q2_which', 82: 'which_both', 83: 'q1_who', 84: 'q2_who', 85: 'who_both', 86: 'q1_where', 87: 'q2_where', 88: 'where_both', 89: 'q1_when', 90: 'q2_when', 91: 'when_both', 92: 'q1_why', 93: 'q2_why', 94: 'why_both', 95: 'caps_count_q1', 96: 'caps_count_q2', 97: 'diff_caps', 98: 'exactly_same'}, 'importance': {0: 3746, 1: 3635, 2: 1985, 3: 2315, 4: 2271, 5: 1338, 6: 1026, 7: 1198, 8: 3299, 9: 1902, 10: 3956, 11: 0, 12: 3241, 13: 3039, 14: 3857, 15: 4611, 16: 2199, 17: 2538, 18: 3005, 19: 220, 20: 3770, 21: 1924, 22: 2749, 23: 3636, 24: 4091, 25: 3977, 26: 4519, 27: 4262, 28: 6288, 29: 6222, 30: 5089, 31: 4874, 32: 1214, 33: 1587, 34: 892, 35: 479, 36: 643, 37: 814, 38: 1098, 39: 1615, 40: 1738, 41: 1087, 42: 1351, 43: 3784, 44: 5356, 45: 5429, 46: 3447, 47: 998, 48: 2095, 49: 853, 50: 2162, 51: 789, 52: 1664, 53: 371, 54: 2047, 55: 2317, 56: 1183, 57: 1538, 58: 3430, 59: 619, 60: 554, 61: 1209, 62: 2397, 63: 1450, 64: 849, 65: 2115, 66: 2794, 67: 1459, 68: 3050, 69: 1937, 70: 2572, 71: 1914, 72: 1913, 73: 5138, 74: 343, 75: 331, 76: 220, 77: 386, 78: 419, 79: 239, 80: 97, 81: 149, 82: 47, 83: 36, 84: 33, 85: 64, 86: 137, 87: 35, 88: 34, 89: 36, 90: 150, 91: 5, 92: 207, 93: 237, 94: 375, 95: 0, 96: 0, 97: 0, 98: 0}}"
29-01-2018_21-49-43,lightgb,"[0.13992447185948176, 0.13968062979051932, 0.14952188893042059, 0.13889870188928255, 0.14468843992128244]",0.142542826478,"[0.045903810948365348, 0.050188735026765997, 0.049524918538604336, 0.050607204312340913, 0.055349413302960303]",0.0503148164258,"{'device': 'cpu', 'num_leaves': 150, 'lambda_l2': 1.9, 'feature_fraction': 0.486, 'boosting': 'gbdt', 'feature_fraction_seed': 2017, 'early_stopping_rounds': 50, 'num_boost_round': 5000, 'metric': 'binary_logloss', 'verbose': 1, 'min_data_in_leaf': 15, 'colsample_bytree': 1, 'objective': 'binary', 'learning_rate': 0.005, 'subsample': 1, 'max_depth': 25, 'bagging_fraction_seed': 2017}","{'column': {0: 'len_q1', 1: 'len_q2', 2: 'diff_len', 3: 'len_char_q1', 4: 'len_char_q2', 5: 'len_word_q1', 6: 'len_word_q2', 7: 'common_words', 8: 'fuzz_qratio', 9: 'fuzz_WRatio', 10: 'fuzz_partial_ratio', 11: 'fuzz_partial_token_set_ratio', 12: 'fuzz_partial_token_sort_ratio', 13: 'fuzz_token_set_ratio', 14: 'fuzz_token_sort_ratio', 15: 'wmd', 16: 'norm_wmd', 17: 'cosine_distance', 18: 'cityblock_distance', 19: 'jaccard_distance', 20: 'canberra_distance', 21: 'euclidean_distance', 22: 'minkowski_distance', 23: 'braycurtis_distance', 24: 'skew_q1vec', 25: 'skew_q2vec', 26: 'kur_q1vec', 27: 'kur_q2vec', 28: 'q1_pr', 29: 'q2_pr', 30: 'q1_hash', 31: 'q2_hash', 32: 'q1_freq', 33: 'q2_freq', 34: 'q1_q2_intersect', 35: 'core1', 36: 'core2', 37: 'core3', 38: 'q1_kcores', 39: 'q2_kcores', 40: 'q1_q2_kcores_ratio', 41: 'q1_q2_kcores_diff', 42: 'q1_q2_kcores_diff_normed', 43: 'word_match', 44: 'tfidf_wm', 45: 'tfidf_wm_stops', 46: 'jaccard', 47: 'wc_diff', 48: 'wc_ratio', 49: 'wc_diff_unique', 50: 'wc_ratio_unique', 51: 'wc_diff_unq_stop', 52: 'wc_ratio_unique_stop', 53: 'same_start', 54: 'char_diff', 55: 'char_diff_unq_stop', 56: 'total_unique_words', 57: 'total_unq_words_stop', 58: 'char_ratio', 59: 'q1_neigh', 60: 'q2_neigh', 61: 'common_neigh', 62: 'distinct_neigh', 63: 'clique_size', 64: 'shortest_path', 65: 'bigram_coocurence', 66: 'bigram_distinct', 67: 'bigram_nostpwrd_coocurence', 68: 'bigram_nostpwrd_distinct', 69: '3gram_cooccurence', 70: '3gram_distinct', 71: '3gram_nostpwrd_cooccurence', 72: '3gram_nostpwrd_distinct', 73: 'spacy_similarity', 74: 'q1_how', 75: 'q2_how', 76: 'how_both', 77: 'q1_what', 78: 'q2_what', 79: 'what_both', 80: 'q1_which', 81: 'q2_which', 82: 'which_both', 83: 'q1_who', 84: 'q2_who', 85: 'who_both', 86: 'q1_where', 87: 'q2_where', 88: 'where_both', 89: 'q1_when', 90: 'q2_when', 91: 'when_both', 92: 'q1_why', 93: 'q2_why', 94: 'why_both', 95: 'caps_count_q1', 96: 'caps_count_q2', 97: 'diff_caps', 98: 'exactly_same'}, 'importance': {0: 7326, 1: 7109, 2: 4021, 3: 4799, 4: 4593, 5: 2606, 6: 2224, 7: 2467, 8: 6603, 9: 3711, 10: 7649, 11: 0, 12: 6384, 13: 6304, 14: 7904, 15: 9533, 16: 4617, 17: 5576, 18: 5916, 19: 440, 20: 7478, 21: 3738, 22: 5777, 23: 7239, 24: 8249, 25: 8178, 26: 8873, 27: 8516, 28: 12612, 29: 12407, 30: 10484, 31: 9497, 32: 2325, 33: 3175, 34: 1858, 35: 944, 36: 1264, 37: 1696, 38: 2141, 39: 3192, 40: 3404, 41: 2287, 42: 2695, 43: 7616, 44: 11094, 45: 10642, 46: 7006, 47: 2153, 48: 4296, 49: 1677, 50: 4277, 51: 1602, 52: 3578, 53: 774, 54: 4035, 55: 4629, 56: 2305, 57: 3067, 58: 6446, 59: 1252, 60: 1184, 61: 2482, 62: 4748, 63: 2851, 64: 1616, 65: 4055, 66: 5530, 67: 2761, 68: 6238, 69: 4082, 70: 5094, 71: 3790, 72: 3659, 73: 10011, 74: 671, 75: 751, 76: 437, 77: 708, 78: 795, 79: 519, 80: 203, 81: 311, 82: 101, 83: 80, 84: 78, 85: 127, 86: 255, 87: 77, 88: 74, 89: 97, 90: 293, 91: 14, 92: 498, 93: 463, 94: 756, 95: 0, 96: 0, 97: 0, 98: 0}}"
29-01-2018_22-03-20,lightgb,"[0.13984831155692243, 0.13968416122676594, 0.14945636783598043, 0.13876522714833006, 0.14462742189621344]",0.142476297933,"[0.047820666296360503, 0.052411900030129174, 0.049984742140299444, 0.049598265631739503, 0.057006285247470805]",0.0513643718692,"{'device': 'cpu', 'num_leaves': 150, 'lambda_l2': 2, 'feature_fraction': 0.486, 'boosting': 'gbdt', 'feature_fraction_seed': 2017, 'early_stopping_rounds': 50, 'num_boost_round': 5000, 'metric': 'binary_logloss', 'verbose': 1, 'min_data_in_leaf': 15, 'colsample_bytree': 1, 'objective': 'binary', 'learning_rate': 0.005, 'subsample': 1, 'max_depth': 25, 'bagging_fraction_seed': 2017}","{'column': {0: 'len_q1', 1: 'len_q2', 2: 'diff_len', 3: 'len_char_q1', 4: 'len_char_q2', 5: 'len_word_q1', 6: 'len_word_q2', 7: 'common_words', 8: 'fuzz_qratio', 9: 'fuzz_WRatio', 10: 'fuzz_partial_ratio', 11: 'fuzz_partial_token_set_ratio', 12: 'fuzz_partial_token_sort_ratio', 13: 'fuzz_token_set_ratio', 14: 'fuzz_token_sort_ratio', 15: 'wmd', 16: 'norm_wmd', 17: 'cosine_distance', 18: 'cityblock_distance', 19: 'jaccard_distance', 20: 'canberra_distance', 21: 'euclidean_distance', 22: 'minkowski_distance', 23: 'braycurtis_distance', 24: 'skew_q1vec', 25: 'skew_q2vec', 26: 'kur_q1vec', 27: 'kur_q2vec', 28: 'q1_pr', 29: 'q2_pr', 30: 'q1_hash', 31: 'q2_hash', 32: 'q1_freq', 33: 'q2_freq', 34: 'q1_q2_intersect', 35: 'core1', 36: 'core2', 37: 'core3', 38: 'q1_kcores', 39: 'q2_kcores', 40: 'q1_q2_kcores_ratio', 41: 'q1_q2_kcores_diff', 42: 'q1_q2_kcores_diff_normed', 43: 'word_match', 44: 'tfidf_wm', 45: 'tfidf_wm_stops', 46: 'jaccard', 47: 'wc_diff', 48: 'wc_ratio', 49: 'wc_diff_unique', 50: 'wc_ratio_unique', 51: 'wc_diff_unq_stop', 52: 'wc_ratio_unique_stop', 53: 'same_start', 54: 'char_diff', 55: 'char_diff_unq_stop', 56: 'total_unique_words', 57: 'total_unq_words_stop', 58: 'char_ratio', 59: 'q1_neigh', 60: 'q2_neigh', 61: 'common_neigh', 62: 'distinct_neigh', 63: 'clique_size', 64: 'shortest_path', 65: 'bigram_coocurence', 66: 'bigram_distinct', 67: 'bigram_nostpwrd_coocurence', 68: 'bigram_nostpwrd_distinct', 69: '3gram_cooccurence', 70: '3gram_distinct', 71: '3gram_nostpwrd_cooccurence', 72: '3gram_nostpwrd_distinct', 73: 'spacy_similarity', 74: 'q1_how', 75: 'q2_how', 76: 'how_both', 77: 'q1_what', 78: 'q2_what', 79: 'what_both', 80: 'q1_which', 81: 'q2_which', 82: 'which_both', 83: 'q1_who', 84: 'q2_who', 85: 'who_both', 86: 'q1_where', 87: 'q2_where', 88: 'where_both', 89: 'q1_when', 90: 'q2_when', 91: 'when_both', 92: 'q1_why', 93: 'q2_why', 94: 'why_both', 95: 'caps_count_q1', 96: 'caps_count_q2', 97: 'diff_caps', 98: 'exactly_same'}, 'importance': {0: 7197, 1: 6801, 2: 3908, 3: 4608, 4: 4412, 5: 2566, 6: 2112, 7: 2376, 8: 6416, 9: 3627, 10: 7257, 11: 0, 12: 6067, 13: 6086, 14: 7798, 15: 9121, 16: 4346, 17: 5350, 18: 5630, 19: 418, 20: 7225, 21: 3550, 22: 5556, 23: 7110, 24: 7795, 25: 7825, 26: 8430, 27: 8228, 28: 12426, 29: 12237, 30: 9975, 31: 9188, 32: 2324, 33: 3044, 34: 1851, 35: 923, 36: 1200, 37: 1662, 38: 2121, 39: 3121, 40: 3357, 41: 2168, 42: 2643, 43: 7465, 44: 10638, 45: 10414, 46: 6765, 47: 2056, 48: 4150, 49: 1624, 50: 4179, 51: 1625, 52: 3400, 53: 738, 54: 3886, 55: 4516, 56: 2303, 57: 3053, 58: 6215, 59: 1194, 60: 1129, 61: 2442, 62: 4680, 63: 2837, 64: 1601, 65: 4005, 66: 5328, 67: 2749, 68: 6018, 69: 3902, 70: 4810, 71: 3666, 72: 3595, 73: 9761, 74: 656, 75: 745, 76: 440, 77: 678, 78: 774, 79: 491, 80: 187, 81: 296, 82: 105, 83: 73, 84: 71, 85: 126, 86: 244, 87: 88, 88: 69, 89: 96, 90: 277, 91: 11, 92: 484, 93: 440, 94: 748, 95: 0, 96: 0, 97: 0, 98: 0}}"
29-01-2018_22-17-33,lightgb,"[0.13954182433855006, 0.13959155260064526, 0.14935847613690181, 0.13885563566181078, 0.14469959611178698]",0.14240941697,"[0.04878823776906506, 0.045329341106457054, 0.050259680401474056, 0.049198991039628145, 0.053707849319360554]",0.0494568199272,"{'device': 'cpu', 'num_leaves': 150, 'lambda_l2': 2.1, 'feature_fraction': 0.486, 'boosting': 'gbdt', 'feature_fraction_seed': 2017, 'early_stopping_rounds': 50, 'num_boost_round': 5000, 'metric': 'binary_logloss', 'verbose': 1, 'min_data_in_leaf': 15, 'colsample_bytree': 1, 'objective': 'binary', 'learning_rate': 0.005, 'subsample': 1, 'max_depth': 25, 'bagging_fraction_seed': 2017}","{'column': {0: 'len_q1', 1: 'len_q2', 2: 'diff_len', 3: 'len_char_q1', 4: 'len_char_q2', 5: 'len_word_q1', 6: 'len_word_q2', 7: 'common_words', 8: 'fuzz_qratio', 9: 'fuzz_WRatio', 10: 'fuzz_partial_ratio', 11: 'fuzz_partial_token_set_ratio', 12: 'fuzz_partial_token_sort_ratio', 13: 'fuzz_token_set_ratio', 14: 'fuzz_token_sort_ratio', 15: 'wmd', 16: 'norm_wmd', 17: 'cosine_distance', 18: 'cityblock_distance', 19: 'jaccard_distance', 20: 'canberra_distance', 21: 'euclidean_distance', 22: 'minkowski_distance', 23: 'braycurtis_distance', 24: 'skew_q1vec', 25: 'skew_q2vec', 26: 'kur_q1vec', 27: 'kur_q2vec', 28: 'q1_pr', 29: 'q2_pr', 30: 'q1_hash', 31: 'q2_hash', 32: 'q1_freq', 33: 'q2_freq', 34: 'q1_q2_intersect', 35: 'core1', 36: 'core2', 37: 'core3', 38: 'q1_kcores', 39: 'q2_kcores', 40: 'q1_q2_kcores_ratio', 41: 'q1_q2_kcores_diff', 42: 'q1_q2_kcores_diff_normed', 43: 'word_match', 44: 'tfidf_wm', 45: 'tfidf_wm_stops', 46: 'jaccard', 47: 'wc_diff', 48: 'wc_ratio', 49: 'wc_diff_unique', 50: 'wc_ratio_unique', 51: 'wc_diff_unq_stop', 52: 'wc_ratio_unique_stop', 53: 'same_start', 54: 'char_diff', 55: 'char_diff_unq_stop', 56: 'total_unique_words', 57: 'total_unq_words_stop', 58: 'char_ratio', 59: 'q1_neigh', 60: 'q2_neigh', 61: 'common_neigh', 62: 'distinct_neigh', 63: 'clique_size', 64: 'shortest_path', 65: 'bigram_coocurence', 66: 'bigram_distinct', 67: 'bigram_nostpwrd_coocurence', 68: 'bigram_nostpwrd_distinct', 69: '3gram_cooccurence', 70: '3gram_distinct', 71: '3gram_nostpwrd_cooccurence', 72: '3gram_nostpwrd_distinct', 73: 'spacy_similarity', 74: 'q1_how', 75: 'q2_how', 76: 'how_both', 77: 'q1_what', 78: 'q2_what', 79: 'what_both', 80: 'q1_which', 81: 'q2_which', 82: 'which_both', 83: 'q1_who', 84: 'q2_who', 85: 'who_both', 86: 'q1_where', 87: 'q2_where', 88: 'where_both', 89: 'q1_when', 90: 'q2_when', 91: 'when_both', 92: 'q1_why', 93: 'q2_why', 94: 'why_both', 95: 'caps_count_q1', 96: 'caps_count_q2', 97: 'diff_caps', 98: 'exactly_same'}, 'importance': {0: 7778, 1: 7480, 2: 4304, 3: 4992, 4: 4752, 5: 2799, 6: 2282, 7: 2514, 8: 6955, 9: 3953, 10: 7962, 11: 0, 12: 6683, 13: 6693, 14: 8271, 15: 9969, 16: 4791, 17: 5728, 18: 6272, 19: 464, 20: 8007, 21: 3852, 22: 6045, 23: 7712, 24: 8484, 25: 8443, 26: 9192, 27: 9030, 28: 13129, 29: 13019, 30: 10944, 31: 9956, 32: 2401, 33: 3237, 34: 1873, 35: 972, 36: 1260, 37: 1724, 38: 2155, 39: 3288, 40: 3587, 41: 2238, 42: 2778, 43: 7808, 44: 11420, 45: 11268, 46: 7267, 47: 2270, 48: 4493, 49: 1804, 50: 4509, 51: 1733, 52: 3794, 53: 760, 54: 4334, 55: 4911, 56: 2473, 57: 3313, 58: 6874, 59: 1288, 60: 1196, 61: 2569, 62: 4854, 63: 2937, 64: 1672, 65: 4228, 66: 5981, 67: 2955, 68: 6696, 69: 4345, 70: 5337, 71: 3863, 72: 3881, 73: 10461, 74: 734, 75: 796, 76: 439, 77: 775, 78: 803, 79: 503, 80: 207, 81: 329, 82: 110, 83: 70, 84: 75, 85: 132, 86: 261, 87: 78, 88: 66, 89: 109, 90: 292, 91: 15, 92: 515, 93: 471, 94: 762, 95: 0, 96: 0, 97: 0, 98: 0}}"
